-- MySQL dump 10.13  Distrib 8.2.0, for Linux (x86_64)
--
-- Host: localhost    Database: movie_service
-- ------------------------------------------------------
-- Server version	8.2.0

/*!40101 SET @OLD_CHARACTER_SET_CLIENT=@@CHARACTER_SET_CLIENT */;
/*!40101 SET @OLD_CHARACTER_SET_RESULTS=@@CHARACTER_SET_RESULTS */;
/*!40101 SET @OLD_COLLATION_CONNECTION=@@COLLATION_CONNECTION */;
/*!50503 SET NAMES utf8mb4 */;
/*!40103 SET @OLD_TIME_ZONE=@@TIME_ZONE */;
/*!40103 SET TIME_ZONE='+00:00' */;
/*!40014 SET @OLD_UNIQUE_CHECKS=@@UNIQUE_CHECKS, UNIQUE_CHECKS=0 */;
/*!40014 SET @OLD_FOREIGN_KEY_CHECKS=@@FOREIGN_KEY_CHECKS, FOREIGN_KEY_CHECKS=0 */;
/*!40101 SET @OLD_SQL_MODE=@@SQL_MODE, SQL_MODE='NO_AUTO_VALUE_ON_ZERO' */;
/*!40111 SET @OLD_SQL_NOTES=@@SQL_NOTES, SQL_NOTES=0 */;

--
-- Table structure for table `Distributors`
--

CREATE DATABASE IF NOT EXISTS movie_finder;
USE movie_finder;


DROP TABLE IF EXISTS `Distributors`;
/*!40101 SET @saved_cs_client     = @@character_set_client */;
/*!50503 SET character_set_client = utf8mb4 */;
CREATE TABLE `Distributors` (
  `distributor_id` int unsigned NOT NULL AUTO_INCREMENT,
  `name` varchar(255) NOT NULL,
  `createdAt` timestamp NOT NULL DEFAULT CURRENT_TIMESTAMP,
  `updatedAt` timestamp NOT NULL DEFAULT CURRENT_TIMESTAMP ON UPDATE CURRENT_TIMESTAMP,
  `deletedAt` timestamp NULL DEFAULT NULL,
  PRIMARY KEY (`distributor_id`)
) ENGINE=InnoDB AUTO_INCREMENT=13 DEFAULT CHARSET=utf8mb4 COLLATE=utf8mb4_0900_ai_ci;
/*!40101 SET character_set_client = @saved_cs_client */;

--
-- Dumping data for table `Distributors`
--

LOCK TABLES `Distributors` WRITE;
/*!40000 ALTER TABLE `Distributors` DISABLE KEYS */;
INSERT INTO `Distributors` VALUES (1,'Warner Bros.','2023-11-12 17:00:24','2023-11-12 17:00:24',NULL),(2,'Universal Pictures','2023-11-12 17:00:24','2023-11-12 17:00:24',NULL),(3,'Paramount Pictures','2023-11-12 17:00:24','2023-11-12 17:00:24',NULL),(4,'Sony Pictures','2023-11-12 17:00:24','2023-11-12 17:00:24',NULL),(5,'Universal','2023-11-12 17:00:24','2023-11-12 17:00:24',NULL),(7,'20th Century Fox','2023-11-12 17:00:24','2023-11-12 17:00:24',NULL),(8,'Walt Disney','2023-11-12 17:00:24','2023-11-12 17:00:24',NULL),(10,'Lionsgate','2023-11-12 17:00:24','2023-11-12 17:00:24',NULL),(11,'MGM','2023-11-12 17:00:24','2023-11-12 17:00:24',NULL),(12,'Dreamworks SKG','2023-11-12 17:23:46','2023-11-12 17:23:46',NULL);
/*!40000 ALTER TABLE `Distributors` ENABLE KEYS */;
UNLOCK TABLES;

--
-- Table structure for table `Genres`
--

DROP TABLE IF EXISTS `Genres`;
/*!40101 SET @saved_cs_client     = @@character_set_client */;
/*!50503 SET character_set_client = utf8mb4 */;
CREATE TABLE `Genres` (
  `genre_id` int NOT NULL AUTO_INCREMENT,
  `name` varchar(255) NOT NULL,
  `createdAt` timestamp NOT NULL DEFAULT CURRENT_TIMESTAMP,
  `updatedAt` timestamp NOT NULL DEFAULT CURRENT_TIMESTAMP ON UPDATE CURRENT_TIMESTAMP,
  `deletedAt` timestamp NULL DEFAULT NULL,
  PRIMARY KEY (`genre_id`)
) ENGINE=InnoDB AUTO_INCREMENT=8 DEFAULT CHARSET=utf8mb4 COLLATE=utf8mb4_0900_ai_ci;
/*!40101 SET character_set_client = @saved_cs_client */;

--
-- Dumping data for table `Genres`
--

LOCK TABLES `Genres` WRITE;
/*!40000 ALTER TABLE `Genres` DISABLE KEYS */;
INSERT INTO `Genres` VALUES (1,'Comedy','2023-11-12 17:00:17','2023-11-12 17:00:17',NULL),(2,'Action','2023-11-12 17:00:17','2023-11-12 17:00:17',NULL),(3,'Adventure','2023-11-12 17:00:17','2023-11-12 17:00:17',NULL),(5,'Drama','2023-11-12 17:00:17','2023-11-12 17:00:17',NULL),(6,'Sci-Fi','2023-11-12 17:00:17','2023-11-12 17:00:17',NULL),(7,'Horror','2023-11-12 17:00:17','2023-11-12 17:00:17',NULL);
/*!40000 ALTER TABLE `Genres` ENABLE KEYS */;
UNLOCK TABLES;

--
-- Table structure for table `Movies`
--

DROP TABLE IF EXISTS `Movies`;
/*!40101 SET @saved_cs_client     = @@character_set_client */;
/*!50503 SET character_set_client = utf8mb4 */;
CREATE TABLE `Movies` (
  `movie_id` int unsigned NOT NULL AUTO_INCREMENT,
  `title` varchar(255) DEFAULT NULL,
  `production_budget` decimal(10,0) DEFAULT NULL,
  `domestic_gross` decimal(10,0) DEFAULT NULL,
  `worldwide_gross` decimal(10,0) DEFAULT NULL,
  `genre_id` int unsigned DEFAULT NULL,
  `mpaa_rating_id` int unsigned DEFAULT NULL,
  `distributor_id` int unsigned DEFAULT NULL,
  `createdAt` timestamp NOT NULL DEFAULT CURRENT_TIMESTAMP,
  `updatedAt` timestamp NOT NULL DEFAULT CURRENT_TIMESTAMP ON UPDATE CURRENT_TIMESTAMP,
  `deletedAt` timestamp NULL DEFAULT NULL,
  `release_date` date DEFAULT NULL,
  PRIMARY KEY (`movie_id`)
) ENGINE=InnoDB AUTO_INCREMENT=98 DEFAULT CHARSET=utf8mb4 COLLATE=utf8mb4_0900_ai_ci;
/*!40101 SET character_set_client = @saved_cs_client */;

--
-- Dumping data for table `Movies`
--

LOCK TABLES `Movies` WRITE;
/*!40000 ALTER TABLE `Movies` DISABLE KEYS */;
INSERT INTO `Movies` VALUES (1,'Evan Almighty',175000000,100289690,174131329,1,2,5,'2023-11-12 17:46:41','2023-11-12 17:46:41',NULL,'2007-06-22'),(2,'Waterworld',175000000,88246220,264246220,2,3,5,'2023-11-12 17:46:41','2023-11-12 17:46:41',NULL,'1995-07-28'),(3,'King Arthur: Legend of the Sword',175000000,39175066,139950708,3,3,1,'2023-11-12 17:46:41','2023-11-12 17:46:41',NULL,'2017-05-12'),(4,'47 Ronin',175000000,38362475,151716815,2,3,5,'2023-11-12 17:46:41','2023-11-12 17:46:41',NULL,'2013-12-25'),(5,'Jurassic World: Fallen Kingdom',170000000,416769345,1304866322,2,3,5,'2023-11-12 17:46:41','2023-11-12 17:46:41',NULL,'2018-06-22'),(6,'Guardians of the Galaxy',170000000,333172112,771051335,2,3,8,'2023-11-12 17:46:41','2023-11-12 17:46:41',NULL,'2014-08-01'),(7,'Iron Man 2',170000000,312433331,621156389,2,3,3,'2023-11-12 17:46:41','2023-11-12 17:46:41',NULL,'2010-05-07'),(8,'Captain America: The Winter Soldier',170000000,259746958,714401889,2,3,8,'2023-11-12 17:46:41','2023-11-12 17:46:41',NULL,'2014-04-04'),(9,'Dawn of the Planet of the Apes',170000000,208545589,710644566,3,3,7,'2023-11-12 17:46:41','2023-11-12 17:46:41',NULL,'2014-07-11'),(10,'The Polar Express',170000000,186493587,310634169,3,1,1,'2023-11-12 17:46:41','2023-11-12 17:46:41',NULL,'2004-11-10'),(11,'Snow White and the Huntsman',170000000,155136755,401021746,3,3,5,'2023-11-12 17:46:41','2023-11-12 17:46:41',NULL,'2012-06-01'),(12,'Terminator 3: Rise of the Machines',170000000,150358296,433058296,2,4,1,'2023-11-12 17:46:41','2023-11-12 17:46:41',NULL,'2003-07-01'),(13,'Van Helsing',170000000,120150546,300150546,2,3,5,'2023-11-12 17:46:41','2023-11-12 17:46:41',NULL,'2004-05-07'),(14,'Tomorrowland',170000000,93436322,207283457,3,2,8,'2023-11-12 17:46:41','2023-11-12 17:46:41',NULL,'2015-05-22'),(15,'Alice Through the Looking Glass',170000000,77042381,276934087,3,2,8,'2023-11-12 17:46:41','2023-11-12 17:46:41',NULL,'2016-05-27'),(16,'Shrek Forever After',165000000,238736787,756244673,3,2,3,'2023-11-12 17:46:41','2023-11-12 17:46:41',NULL,'2010-05-21'),(17,'Doctor Strange',165000000,232641920,676486457,2,3,8,'2023-11-12 17:46:41','2023-11-12 17:46:41',NULL,'2016-11-04'),(18,'Big Hero 6',165000000,222527828,652127828,3,2,8,'2023-11-12 17:46:41','2023-11-12 17:46:41',NULL,'2014-11-07'),(19,'How to Train Your Dragon',165000000,217581232,494870992,3,2,3,'2023-11-12 17:46:41','2023-11-12 17:46:41',NULL,'2010-03-26'),(20,'Wreck-It Ralph',165000000,189412677,496511521,3,2,8,'2023-11-12 17:46:41','2023-11-12 17:46:41',NULL,'2012-11-02'),(21,'Interstellar',165000000,188017894,667752422,3,3,3,'2023-11-12 17:46:41','2023-11-12 17:46:41',NULL,'2014-11-05'),(22,'Independence Day: Resurgence',165000000,103144286,384413934,2,3,7,'2023-11-12 17:46:41','2023-11-12 17:46:41',NULL,'2016-06-24'),(23,'Cowboys and Aliens',163000000,100368560,176038324,2,3,5,'2023-11-12 17:46:41','2023-11-12 17:46:41',NULL,'2011-07-29'),(24,'Shrek the Third',160000000,322719944,807330936,3,2,3,'2023-11-12 17:46:41','2023-11-12 17:46:41',NULL,'2007-05-17'),(25,'Fast and Furious 6',160000000,238679850,789300444,2,3,5,'2023-11-12 17:46:41','2023-11-12 17:46:41',NULL,'2013-05-24'),(26,'X-Men: First Class',160000000,146408305,355408305,2,3,7,'2023-11-12 17:46:41','2023-11-12 17:46:41',NULL,'2011-06-03'),(27,'The Curious Case of Benjamin Button',160000000,127509326,329631958,5,3,3,'2023-11-12 17:46:41','2023-11-12 17:46:41',NULL,'2008-12-25'),(28,'The Sorcerer\'s Apprentice',160000000,63150991,217986320,3,2,8,'2023-11-12 17:46:41','2023-11-12 17:46:41',NULL,'2010-07-14'),(29,'Poseidon',160000000,60674817,181674817,3,3,1,'2023-11-12 17:46:41','2023-11-12 17:46:41',NULL,'2006-05-12'),(30,'Warcraft',160000000,47225655,425547111,2,3,5,'2023-11-12 17:46:41','2023-11-12 17:46:41',NULL,'2016-06-10'),(31,'Aquaman',160000000,0,0,2,3,1,'2023-11-12 17:46:41','2023-11-12 17:46:41',NULL,'2018-12-21'),(32,'Deepwater Horizon',156000000,61433527,122631306,5,3,10,'2023-11-12 17:46:41','2023-11-12 17:46:41',NULL,'2016-09-30'),(33,'Terminator: Genisys',155000000,89760956,432150894,2,3,3,'2023-11-12 17:46:41','2023-11-12 17:46:41',NULL,'2015-07-01'),(34,'Alexander',155000000,34297191,167297191,2,4,1,'2023-11-12 17:46:41','2023-11-12 17:46:41',NULL,'2014-11-24'),(35,'War for the Planet of the Apes',152000000,146880162,489592267,2,3,7,'2023-11-12 17:46:41','2023-11-12 17:46:41',NULL,'2017-07-14'),(36,'Pearl Harbor',151500000,198539855,449239855,2,3,8,'2023-11-12 17:46:41','2023-11-12 17:46:41',NULL,'2001-05-25'),(37,'Transformers',151000000,319246193,708272592,2,3,3,'2023-11-12 17:46:41','2023-11-12 17:46:41',NULL,'2007-07-02'),(38,'Wonder Woman',150000000,412563408,821133378,2,3,1,'2023-11-12 17:46:41','2023-11-12 17:46:41',NULL,'2017-06-02'),(39,'Zootopia',150000000,341268248,1019706594,3,2,8,'2023-11-12 17:46:41','2023-11-12 17:46:41',NULL,'2016-03-04'),(40,'Harry Potter and the Goblet of Fire',150000000,290013036,896911078,3,3,1,'2023-11-12 17:46:41','2023-11-12 17:46:41',NULL,'2005-11-18'),(41,'The Matrix Reloaded',150000000,281553689,738576929,2,4,1,'2023-11-12 17:46:41','2023-11-12 17:46:41',NULL,'2003-05-15'),(42,'I am Legend',150000000,256393010,585532684,7,3,1,'2023-11-12 17:46:41','2023-11-12 17:46:41',NULL,'2007-12-14'),(43,'Hancock',150000000,227946274,624234272,2,3,7,'2023-11-12 17:46:41','2023-11-12 17:46:41',NULL,'2008-07-01'),(44,'Charlie and the Chocolate Factory',150000000,206459076,475825484,3,2,1,'2023-11-12 17:46:41','2023-11-12 17:46:41',NULL,'2005-07-15'),(45,'Ratatouille',150000000,206445654,626549695,3,1,8,'2023-11-12 17:46:41','2023-11-12 17:46:41',NULL,'2007-06-29'),(46,'Thor: The Dark World',150000000,206362140,644602516,2,3,8,'2023-11-12 17:46:41','2023-11-12 17:46:41',NULL,'2013-11-08'),(47,'Batman Begins',150000000,205343774,359142722,2,3,1,'2023-11-12 17:46:41','2023-11-12 17:46:41',NULL,'2005-06-15'),(48,'Mission: ImpossibleRogue Nation',150000000,195042377,689388363,2,3,3,'2023-11-12 17:46:41','2023-11-12 17:46:41',NULL,'2015-07-31'),(49,'Dunkirk',150000000,190068280,499900860,2,3,1,'2023-11-12 17:46:41','2023-11-12 17:46:41',NULL,'2017-07-21'),(50,'Thor',150000000,181030624,449326618,2,3,3,'2023-11-12 17:46:41','2023-11-12 17:46:41',NULL,'2011-05-06'),(51,'Madagascar: Escape 2 Africa',150000000,180174880,599680774,3,2,3,'2023-11-12 17:46:41','2023-11-12 17:46:41',NULL,'2008-11-07'),(52,'X-Men Origins: Wolverine',150000000,179883157,374825760,2,3,7,'2023-11-12 17:46:41','2023-11-12 17:46:41',NULL,'2009-05-01'),(53,'Kung Fu Panda 2',150000000,165249063,664837547,3,2,3,'2023-11-12 17:46:41','2023-11-12 17:46:41',NULL,'2011-05-26'),(54,'Mad Max: Fury Road',150000000,153636354,370651733,2,4,1,'2023-11-12 17:46:41','2023-11-12 17:46:41',NULL,'2015-05-15'),(55,'The Meg',150000000,142700791,527100791,2,3,1,'2023-11-12 17:46:41','2023-11-12 17:46:41',NULL,'2018-08-10'),(56,'The Matrix Revolutions',150000000,139270910,427300260,2,4,1,'2023-11-12 17:46:41','2023-11-12 17:46:41',NULL,'2003-11-05'),(57,'Ready Player One',150000000,137018455,578621729,3,3,1,'2023-11-12 17:46:41','2023-11-12 17:46:41',NULL,'2018-03-29'),(58,'Mission: Impossible III',150000000,133501348,397501348,2,3,3,'2023-11-12 17:46:41','2023-11-12 17:46:41',NULL,'2006-05-05'),(59,'Troy',150000000,133298577,484161265,2,4,1,'2023-11-12 17:46:41','2023-11-12 17:46:41',NULL,'2004-05-14'),(60,'The Last Airbender',150000000,131772187,319713881,3,2,3,'2023-11-12 17:46:41','2023-11-12 17:46:41',NULL,'2010-07-01'),(61,'Bee Movie',150000000,126631277,287594577,3,2,3,'2023-11-12 17:46:41','2023-11-12 17:46:41',NULL,'2007-11-02'),(62,'G-Force',150000000,119436770,292817841,3,2,8,'2023-11-12 17:46:41','2023-11-12 17:46:41',NULL,'2009-07-24'),(63,'Bolt',150000000,114053579,328015029,3,2,8,'2023-11-12 17:46:41','2023-11-12 17:46:41',NULL,'2008-11-21'),(64,'Wrath of the Titans',150000000,83670083,305270083,3,3,1,'2023-11-12 17:46:41','2023-11-12 17:46:41',NULL,'2012-03-30'),(65,'Beowulf',150000000,82280579,195080579,3,3,3,'2023-11-12 17:46:41','2023-11-12 17:46:41',NULL,'2007-11-16'),(66,'The Wolfman',150000000,62189884,142634358,7,4,5,'2023-11-12 17:46:41','2023-11-12 17:46:41',NULL,'2010-02-12'),(67,'The Great Wall',150000000,45157105,334550106,2,3,5,'2023-11-12 17:46:41','2023-11-12 17:46:41',NULL,'2017-02-17'),(68,'Pan',150000000,35088320,151543635,3,2,1,'2023-11-12 17:46:41','2023-11-12 17:46:41',NULL,'2015-10-09'),(69,'Mars Needs Moms',150000000,21392758,39549758,3,2,8,'2023-11-12 17:46:41','2023-11-12 17:46:41',NULL,'2011-03-11'),(70,'Madagascar 3: Europe Most Wanted',145000000,216391482,746921271,3,2,3,'2023-11-12 17:46:41','2023-11-12 17:46:41',NULL,'2012-06-08'),(71,'How to Train Your Dragon 2',145000000,177002924,614586270,3,2,7,'2023-11-12 17:46:41','2023-11-12 17:46:41',NULL,'2014-06-13'),(72,'Tarzan',145000000,171091819,448191819,3,1,8,'2023-11-12 17:46:41','2023-11-12 17:46:41',NULL,'1999-06-16'),(73,'Mr. Peabody & Sherman',145000000,111506430,269806430,3,2,7,'2023-11-12 17:46:41','2023-11-12 17:46:41',NULL,'2014-03-07'),(74,'Rise of the Guardians',145000000,103412758,306900902,3,2,3,'2023-11-12 17:46:41','2023-11-12 17:46:41',NULL,'2012-11-21'),(75,'Die Another Day',142000000,160942139,431942139,2,3,11,'2023-11-12 17:46:41','2023-11-12 17:46:41',NULL,'2002-11-22'),(76,'Star Trek',140000000,257730019,385680446,3,3,3,'2023-11-12 17:46:41','2023-11-12 17:46:41',NULL,'2009-05-08'),(77,'Armageddon',140000000,201578182,554600000,3,3,8,'2023-11-12 17:46:41','2023-11-12 17:46:41',NULL,'1998-07-01'),(78,'Men in Black 2',140000000,190418803,441767803,2,3,7,'2023-11-12 17:46:41','2023-11-12 17:46:41',NULL,'2002-07-03'),(79,'Captain America: The First Avenger',140000000,176654505,370569776,2,3,3,'2023-11-12 17:46:41','2023-11-12 17:46:41',NULL,'2011-07-22'),(80,'Kung Fu Panda 3',140000000,143528619,518418751,3,2,7,'2023-11-12 17:46:41','2023-11-12 17:46:41',NULL,'2016-01-29'),(81,'Lethal Weapon 4',140000000,130444603,285400000,2,4,1,'2023-11-12 17:46:41','2023-11-12 17:46:41',NULL,'1998-07-10'),(82,'G.I. Joe: Retaliation',140000000,122523060,375740705,2,3,3,'2023-11-12 17:46:41','2023-11-12 17:46:41',NULL,'2013-03-27'),(83,'The Last Samurai',140000000,111110575,456810575,2,4,1,'2023-11-12 17:46:41','2023-11-12 17:46:41',NULL,'2003-12-05'),(84,'Fun With Dick And Jane',140000000,110550000,203018919,1,3,7,'2023-11-12 17:46:41','2023-11-12 17:46:41',NULL,'2005-12-21'),(85,'Exodus: Gods and Kings',140000000,65014513,268314513,5,3,7,'2023-11-12 17:46:41','2023-11-12 17:46:41',NULL,'2014-12-12'),(86,'The BFG',140000000,55483770,199676255,3,2,8,'2023-11-12 17:46:41','2023-11-12 17:46:41',NULL,'2016-07-01'),(87,'Gods of Egypt',140000000,31153464,138587563,3,3,10,'2023-11-12 17:46:41','2023-11-12 17:46:41',NULL,'2016-02-26'),(88,'Spider-Man',139000000,403706375,821706375,3,3,7,'2023-11-12 17:46:41','2023-11-12 17:46:41',NULL,'2002-05-03'),(89,'Watchmen',138000000,107509799,186976250,2,4,1,'2023-11-12 17:46:41','2023-11-12 17:46:41',NULL,'2009-03-06'),(90,'Stealth',138000000,32116746,76416746,2,3,7,'2023-11-12 17:46:41','2023-11-12 17:46:41',NULL,'2005-07-29'),(91,'The Incredible Hulk',137500000,134806913,265573859,3,3,5,'2023-11-12 17:46:41','2023-11-12 17:46:41',NULL,'2008-06-13'),(92,'Hulk',137000000,132177234,245075434,2,3,5,'2023-11-12 17:46:41','2023-11-12 17:46:41',NULL,'2003-06-20'),(93,'Final Fantasy: The Spirits Within',137000000,32131830,85131830,3,3,7,'2023-11-12 17:46:41','2023-11-12 17:46:41',NULL,'2001-07-11'),(94,'The Croods',135000000,187168425,573068425,3,2,7,'2023-11-12 17:46:41','2023-11-12 17:46:41',NULL,'2013-03-22'),(95,'The Revenant',135000000,183637894,532950503,3,4,7,'2023-11-12 17:46:41','2023-11-12 17:46:41',NULL,'2015-12-25'),(96,'The World is Not Enough',135000000,126930660,361730660,2,3,11,'2023-11-12 17:46:41','2023-11-12 17:46:41',NULL,'1999-11-19'),(97,'Rango',135000000,123477607,245724600,3,2,3,'2023-11-12 17:46:41','2023-11-12 17:46:41',NULL,'2011-03-04');
/*!40000 ALTER TABLE `Movies` ENABLE KEYS */;
UNLOCK TABLES;

--
-- Table structure for table `MpaaRatings`
--

DROP TABLE IF EXISTS `MpaaRatings`;
/*!40101 SET @saved_cs_client     = @@character_set_client */;
/*!50503 SET character_set_client = utf8mb4 */;
CREATE TABLE `MpaaRatings` (
  `mpaa_rating_id` int unsigned NOT NULL AUTO_INCREMENT,
  `rating` varchar(255) NOT NULL,
  `createdAt` timestamp NOT NULL DEFAULT CURRENT_TIMESTAMP,
  `updatedAt` timestamp NOT NULL DEFAULT CURRENT_TIMESTAMP ON UPDATE CURRENT_TIMESTAMP,
  `deletedAt` timestamp NULL DEFAULT NULL,
  PRIMARY KEY (`mpaa_rating_id`)
) ENGINE=InnoDB AUTO_INCREMENT=5 DEFAULT CHARSET=utf8mb4 COLLATE=utf8mb4_0900_ai_ci;
/*!40101 SET character_set_client = @saved_cs_client */;

--
-- Dumping data for table `MpaaRatings`
--

LOCK TABLES `MpaaRatings` WRITE;
/*!40000 ALTER TABLE `MpaaRatings` DISABLE KEYS */;
INSERT INTO `MpaaRatings` VALUES (1,'G','2023-11-12 17:00:33','2023-11-12 17:00:33',NULL),(2,'PG','2023-11-12 17:00:33','2023-11-12 17:00:33',NULL),(3,'PG-13','2023-11-12 17:00:33','2023-11-12 17:00:33',NULL),(4,'R','2023-11-12 17:00:33','2023-11-12 17:00:33',NULL);
/*!40000 ALTER TABLE `MpaaRatings` ENABLE KEYS */;
UNLOCK TABLES;
/*!40103 SET TIME_ZONE=@OLD_TIME_ZONE */;

/*!40101 SET SQL_MODE=@OLD_SQL_MODE */;
/*!40014 SET FOREIGN_KEY_CHECKS=@OLD_FOREIGN_KEY_CHECKS */;
/*!40014 SET UNIQUE_CHECKS=@OLD_UNIQUE_CHECKS */;
/*!40101 SET CHARACTER_SET_CLIENT=@OLD_CHARACTER_SET_CLIENT */;
/*!40101 SET CHARACTER_SET_RESULTS=@OLD_CHARACTER_SET_RESULTS */;
/*!40101 SET COLLATION_CONNECTION=@OLD_COLLATION_CONNECTION */;
/*!40111 SET SQL_NOTES=@OLD_SQL_NOTES */;

-- Dump completed on 2023-11-12 17:50:56
